CASRN,NAME,DTXSID,mean_conc_black,mean_conc_amerind,mean_conc_hispanic,mean_conc_asian,mean_conc_pacisl,mean_conc_nhw,mean_conc_lowinc,mean_conc_verylowinc,mean_conc_medhighinc,contributing_cbgs
100-41-4,Ethylbenzene,DTXSID3020596,0.00274481813623189,0.000995323198996397,0.00244318761230184,0.00177575545247805,0.00226675909950314,0.00170533038317309,0.00228497301547466,0.00236165990440379,0.00185874088152723,189599
100-42-5,Styrene,DTXSID2021284,0.0148021475194437,0.011712734494099,0.0172787329218348,0.0107110906854551,0.00899078208877767,0.0126205938266904,0.0163241470532368,0.0164228611093638,0.0125565875463289,194082
100-44-7,Benzyl chloride,DTXSID0020153,0.0000394997387899511,0.00000542584322934409,0.0000139969250624108,0.000025480976448297,0.00000366250635098895,0.0000200579803419794,0.0000254961138013624,0.0000216090001864198,0.0000200250997241252,20681
100-75-4,N-Nitrosopiperidine,DTXSID8021060,0.000000000000999700331722872,0.000000000000281052760372143,0.000000000000279844199899018,0.000000000000664486773527174,0.00000000000267056017244787,0.00000000000392260223672514,0.00000000000260561000789701,0.0000000000025136941807285,0.00000000000263611298763659,894
10034-93-2,Hydrazine sulfate,DTXSID8020703,0.000000000112246835691057,0.00000000000569499169184892,0.0000000000318544803127941,0.0000000000452099042680777,0.0000000000126836888476942,0.0000000000457792812937159,0.0000000000416805092805961,0.0000000000386851930660056,0.0000000000550785198461514,1323
101-14-4,"4,4'-Methylenebis(2-chloroaniline)",DTXSID5020865,0.00000000325508483219378,0.000000000354285108373905,0.00000000139243995433775,0.00000000206840924266245,0.000000000326003741333266,0.00000000260901781922026,0.00000000222216298269777,0.00000000203666531434045,0.00000000246772086011593,3529
101-77-9,"4,4'-Diaminobiphenyl methane",DTXSID6022422,0.000000435901967446098,0.0000000301216851903864,0.000000115054807688712,0.0000000349178327858991,0.0000000269777513238814,0.000000192000227185159,0.00000015836556394779,0.000000170430609204413,0.000000211788405428469,5981
101-80-4,"4,4'-Oxydianiline",DTXSID0021094,0.00000000288171970883252,0.000000000282033656130694,0.00000000095064848545564,0.000000000929087697137871,0.000000000309712244325372,0.00000000211748825483446,0.0000000020127963026418,0.00000000217727522161427,0.00000000185029969723843,9048
101-90-6,Diglycidyl resorcinol ether,DTXSID2020470,0.0000000000197731752309172,0.00000000000692611770958327,0.000000000023812595470983,0.0000000000858615111535865,0.00000000000818025042266112,0.000000000210186307893935,0.0000000000519714712320345,0.0000000000432431081661595,0.000000000172058419316167,2128
106-46-7,"1,4-Dichlorobenzene",DTXSID1020431,0.00001674996764579,0.00000783708635493966,0.00000955218013980861,0.00000242551625770708,0.0000044527525144333,0.0000127726931000406,0.0000138638047186287,0.0000125002608751366,0.000011515336499659,8656
106-47-8,4-Chloroaniline,DTXSID9020295,0.0000000795072387126046,0.00000000946035536567337,0.0000000232425302591742,0.0000000165564426389897,0.0000000188221327164452,0.0000000478813958271348,0.0000000389779969873734,0.0000000349014837063463,0.0000000477547518548993,2909
106-88-7,"1,2-Epoxybutane",DTXSID6020569,0.00000643878871099841,0.000000728775827087357,0.0000104768473536521,0.0000045592618405657,0.00000114957099938067,0.00000309701813388349,0.00000534006670115504,0.00000501655402047327,0.00000478576834049688,18285
106-89-8,Epichlorohydrin,DTXSID1020566,0.000131390148457435,0.0000580997656664636,0.00014474373162606,0.0000670902678539002,0.0000756395553477324,0.0000667343004894387,0.000111842237194046,0.000106493692476112,0.0000808379238683667,29813
106-93-4,"1,2-Dibromoethane",DTXSID3020415,0.000000464316673878958,0.0000000357514061166254,0.0000000736693149620584,0.0000000709638233549597,0.0000000346383123121103,0.0000000592932254745243,0.000000165540388345576,0.000000207079140641658,0.0000000927772624927948,10443
106-94-5,1-Bromopropane,DTXSID6021874,0.00253338044515621,0.000790783043904423,0.00276175643171421,0.00447790764911114,0.0135633788637681,0.0025149927973845,0.00249315772558623,0.00262466481000238,0.00278656761562136,47268
106-99-0,"1,3-Butadiene",DTXSID3020203,0.000868381209465973,0.00017695134189156,0.00153796475835669,0.000365319785102048,0.000248699113150679,0.000367290300999253,0.000835068796756299,0.000877293667138611,0.000571870789650447,71766
107-02-8,Acrolein,DTXSID5020023,0.0000362564443391797,0.0000148284589988042,0.0000337371716971054,0.0000171913480047921,0.0000133660515202525,0.0000400858749415598,0.0000419540092628474,0.0000416742267702417,0.0000345031257199265,29487
107-06-2,"1,2-Dichloroethane",DTXSID6020438,0.000550473274193227,0.0000474468887071147,0.000274497066007832,0.0000820877442313782,0.0000390008711299338,0.000186651701924344,0.000299435230818936,0.000309941647987928,0.000217020941069104,15593
107-13-1,Acrylonitrile,DTXSID5020029,0.000249719092322808,0.0000547432672364525,0.0000832985042291377,0.0000573211968583203,0.0000331565705711804,0.000159950243590056,0.000176562268622586,0.000179035829239941,0.000138443555410338,52204
107-30-2,Chloromethyl methyl ether,DTXSID6020307,0.00000024233545447213,0.000000426335177102546,0.000000228322645687497,0.000000409387601984361,0.0000000341409439990598,0.00000131488674408845,0.000000925656931533928,0.00000086050850794926,0.00000088043056865077,718
108-05-4,Vinyl acetate,DTXSID3021431,0.000906169814926526,0.000215151497089884,0.00107901539788717,0.000648473182805026,0.000250777133426868,0.000538480203743837,0.00077844756865666,0.000801893190467656,0.000654435151782127,71431
108-10-1,4-Methyl-2-pentanone,DTXSID5021889,0.00441555818740149,0.00146708208194054,0.00298409158659159,0.00191066146995009,0.00154994600279221,0.0022312577277035,0.00302781854247565,0.00317562112063423,0.0024544140892247,142656
108-60-1,bis(2-Chloro-1-methylethyl) ether,DTXSID4020167,0.00000194187690335876,0.000000265062133101223,0.00000187178545480269,0.0000000945061598475715,0.000000593808389909556,0.00000041276553046119,0.00000140756377370801,0.00000105424467879164,0.000000632699374933128,706
108171-26-2,C10-12 chloroalkanes,DTXSID10872316,0.000000000176223006621468,0.0000000000704530009030738,0.000000000293843934117728,0.0000000000862092499990719,0.0000000000564504496626368,0.000000000102037617325403,0.000000000175968150306492,0.000000000174128269639636,0.000000000133759114975455,3728
110-00-9,Furan,DTXSID6020646,0.0001332081630151,0.0000117095041693393,0.0000153224359011269,0.0000076251226190738,0.00000107324049839071,0.0000127764873847751,0.000050908559786354,0.0000601805315908146,0.0000195819649610322,2178
110-86-1,Pyridine,DTXSID9021924,0.0000468654234031951,0.0000055175310467191,0.0000202096886877672,0.0000203071409885487,0.00000706246430298696,0.0000310685600079521,0.0000382756623827135,0.0000398846234072355,0.000027179006705176,43125
111-42-2,Diethanolamine,DTXSID3021932,0.000101253521854043,0.0000389802064806231,0.000173268089247942,0.000056464275790716,0.0000699338034727065,0.0000258109232329446,0.0000972457883530654,0.000109156434855141,0.0000519999917113034,79229
111-44-4,Bis(chloroethyl) ether,DTXSID9020168,0.000000470190220732088,0.00000390500603662928,0.000000738122363939048,0.000000271746882172099,0.000000243920303661649,0.000000474485849405245,0.000000663872184909425,0.000000648453454561177,0.000000497999301993843,9803
1120-71-4,"1,3-Propane sultone",DTXSID8021195,0.00000000197767315687351,0.000000000252763164774879,0.00000000163930117800805,0.00000000101683986766829,0.000000000141865418731002,0.00000000205160977231689,0.00000000217625971066131,0.00000000216670136035818,0.00000000176130434795882,1459
114-26-1,Propoxur,DTXSID7021948,0.000000000236069695963041,0.0000000000179625143778138,0.0000000000202677948350315,0.0000000000028957733908791,0.0000000000000564577465315433,0.0000000000326217009472088,0.0000000000731864675693841,0.0000000000876970018431802,0.0000000000447786035376813,95
116-14-3,Tetrafluoroethylene,DTXSID6021325,0.000119818080983462,0.0000337152687867505,0.000037321775703636,0.0000285536004361161,0.0000120815870879813,0.0000845524993405156,0.0000822136449559705,0.00008225194113538,0.000073019672044963,5167
117-81-7,Di(2-ethylhexyl) phthalate,DTXSID5020607,0.00000648376330186091,0.0000029132710927217,0.0000120352235639842,0.0000189823058816508,0.0000157602879225619,0.00000751679102407134,0.00000864816843233712,0.00000846709464807804,0.00000914469153235724,47346
118-74-1,Hexachlorobenzene,DTXSID2020682,0.000000202239397287817,0.0000000371241145243824,0.0000000834656151870987,0.0000000977402155806482,0.0000000208946758025937,0.000000272920638289375,0.000000219631790946702,0.00000025670694941553,0.000000208908538414749,16959
119-90-4,C.I. Disperse Black 6,DTXSID3025091,0.000000000458059309380562,0.000000000105578401475529,0.00000000024684328930849,0.000000000091352707232517,0.0000000000555791928271372,0.00000000018374339735572,0.000000000223788514353832,0.000000000226223732960888,0.000000000217640435619115,1282
119-93-7,"3,3'-Dimethylbenzidine",DTXSID5024059,0.000000000313702713313335,0.0000000000764757956570165,0.00000000017745602683416,0.0000000000588767718358726,0.0000000000355993084156485,0.000000000135155922473163,0.000000000153517943360605,0.000000000151888729283665,0.000000000158509175980362,1282
120-12-7,Anthracene,DTXSID0023878,0.0000124418400748251,0.0000109922946561582,0.0000142769738770513,0.0000109178657108916,0.0000143895873055172,0.00000587291039006188,0.00000994615322009533,0.0000108517875410754,0.0000081951655732472,46598
120-71-8,2-Methoxy-5-methylaniline,DTXSID1020350,0.0000000157233947164855,0.000000000803636385974573,0.000000000476692759641885,0.00000000117894286215704,0.00000000122683288976068,0.00000000174093501964339,0.00000000482658166182601,0.00000000562803100239504,0.0000000025729298288448,1788
120-80-9,"1,2-Benzenediol",DTXSID3020257,0.00000280215522851005,0.00000057242240483495,0.0000014444653552823,0.00000444532517621776,0.00000590111098912362,0.000000808732028635512,0.00000129439171593057,0.0000014322764181325,0.00000147093516831211,9644
121-14-2,"2,4-Dinitrotoluene",DTXSID0020529,0.0000000609117772852868,0.000000153265228657247,0.0000000377844290570534,0.0000000381959632198951,0.00000014884385643336,0.00000043752015243661,0.000000378393140946105,0.000000400968065401417,0.000000250060433708711,7514
121-75-5,Malathion,DTXSID4020791,0.000000214120307655322,0.00000000361892803597494,0.00000002714994114289,0.00000000229751092345942,0.00000000133531842649153,0.0000000158623303520756,0.0000000660687996433344,0.0000000803236078497397,0.0000000310827060530899,6617
122-66-7,"1,2-Diphenylhydrazine",DTXSID7020710,0.000000000680034113298722,0.000000000147044123759797,0.000000000353171476457295,0.000000000143705144646659,0.0000000000884157126135896,0.000000000258776851002988,0.000000000334334976203087,0.000000000343891297562434,0.000000000308003662434608,1214
123-91-1,"1,4-Dioxane",DTXSID4020533,0.000069255328856532,0.0000114362185972598,0.000045030794466392,0.0000390432401343328,0.0000105125787602684,0.0000362388286696854,0.000045946210110511,0.0000492698427666695,0.0000401287941485133,41311
12427-38-2,Maneb,DTXSID9020794,0.000000000003924734285672,0.000000000000519024188434889,0.000000000000354278754366427,0.000000000000124596834097882,0.00000000000000974011015722246,0.000000000000840585345847103,0.00000000000157815770135388,0.00000000000186349643767403,0.000000000000873770816371392,95
126-72-7,"Tris(2,3-dibromopropyl) phosphate",DTXSID5021413,0.000000000000980056338531335,0.000000000000277075241466561,0.000000000000273871282449298,0.00000000000064724317815787,0.0000000000026631719154286,0.00000000000385180910747662,0.0000000000025659885237524,0.00000000000247707327695619,0.00000000000258512738707414,894
126-99-8,Chloroprene,DTXSID5020316,0.0000575298077500002,0.00000531968018310129,0.000005369561762523,0.00000267185883329598,0.00000120032369108683,0.00000758862235251049,0.0000167741027382863,0.0000167876964766806,0.000011596784005327,6423
127-18-4,Tetrachloroethylene,DTXSID2021319,0.000880952681308607,0.00052020557297674,0.00156450774501388,0.000768404634817114,0.00100807662109359,0.000718494423462825,0.00105982409839674,0.00104159451814553,0.000846468716454523,94255
130498-29-2,Polycyclic aromatic hydrocarbons,DTXSID3044043,0.0000787562168609871,0.0000223888255199512,0.0000657939237731028,0.0000441093479091043,0.0000390121382466606,0.0000455485446896514,0.0000615078413061853,0.0000640134752609683,0.0000500077070000409,207585
1313-27-5,Molybdenum trioxide,DTXSID7020899,0.000364084254194292,0.0000367974936027149,0.000419783457565211,0.000157116296955332,0.0000201404728650439,0.0000971975507996606,0.000237755712917867,0.00024611265306244,0.00017588947539456,54093
13194-48-4,Ethoprop,DTXSID4032611,0.00000000483207947283796,0.00000000191110036595056,0.000000000185042777497039,0.000000000156408890391996,0.000000000099148458801092,0.00000000128228314652261,0.00000000229997820941437,0.00000000256460025303276,0.00000000109071624076687,613
132-27-4,Sodium 2-phenylphenate,DTXSID2021153,0.0000000047818961467253,0.000000000524788689650142,0.000000000222643211523096,0.000000000323831497362696,0.000000000175282115389067,0.00000000152666786597111,0.00000000212676138123082,0.00000000256123801874631,0.00000000137275913294119,253
133-06-2,Captan,DTXSID9020243,0.000000000364158234415922,0.000000000248342166966821,0.0000000000940357310459852,0.00000000000726836134027582,0.00000000000837194530980606,0.000000000227551091122542,0.000000000275023591371304,0.000000000250944383647667,0.000000000176530663369858,618
1332-21-4,Asbestos,DTXSID4023888,0.00000000746819548719631,0.00000000530178808684361,0.00000000928714148740868,0.00000000465414512171043,0.00000000267667435529016,0.00000000540312881835446,0.00000000681058638293426,0.00000000679784610219583,0.00000000615511691188563,4131
1336-36-3,Polychlorinated biphenyls,DTXSID5024267,0.00000000751867370647433,0.0000000043362104488495,0.00000000367689875578775,0.00000000190002764250776,0.00000000119488897984456,0.0000000040451918261754,0.00000000484371890005034,0.000000004991734514288,0.00000000403002978686487,11821
134-32-7,1-Naphthylamine,DTXSID7020920,0.000000000533072046980216,0.000000000143276365203095,0.000000000175004724084159,0.0000000000636996217525187,0.0000000000486985724154633,0.000000000182810191528333,0.000000000242333090173795,0.000000000252834039048168,0.000000000202114366414224,605
135-20-6,Cupferron,DTXSID1020352,0.000000151181074475365,0.0000000254925138948954,0.00000000674724468757856,0.00000000990128353772359,0.00000000804608090596569,0.0000000375414925431666,0.0000000574189555504463,0.0000000570760288633578,0.0000000381173170018231,300
137-41-7,Potassium N-methyldithiocarbamate,DTXSID1034424,0.00000000163272660930501,0.00000000160168305412296,0.0000000000683256194492277,0.000000000117605703282422,0.0000000000592315246251075,0.000000000818104686538823,0.000000000922290506541724,0.000000000961710953964761,0.000000000654224948823437,388
137-42-8,Metam-sodium,DTXSID2029167,0.000000053170185741645,0.000000155850683410205,0.00000070105470580844,0.000000102042710959709,0.000000214816722632998,0.000000216050576642495,0.000000356842436758482,0.000000306633249714833,0.00000025011733995498,2037
139-13-9,Nitrilotriacetic acid,DTXSID6020939,0.000000000039797652283859,0.00000000000984440219275623,0.0000000000631206668128627,0.0000000000342067489352498,0.00000000000516320882076925,0.000000000020515953911754,0.0000000000286372355995825,0.0000000000259995149510617,0.0000000000326749165675906,990
140-88-5,Ethyl acrylate,DTXSID4020583,0.000139719892413718,0.0000194661469634528,0.0000744638790111004,0.0000626536111442788,0.0000231840918081631,0.0000933484588641237,0.000128140878342022,0.0001605517815538,0.0000793271877241188,63559
149-30-4,2-Mercaptobenzothiazole,DTXSID1020807,0.000000302967120892883,0.000000100223895882444,0.000000177144428477996,0.000000106775139699263,0.000000156533866125995,0.000000546299467763832,0.000000503732397203334,0.000000620066785594945,0.000000385722715363116,3859
151-56-4,Ethyleneimine,DTXSID8020599,0.0000000000376480112340432,0.0000000000102147111062561,0.00000000000519502682863034,0.00000000000236044834206712,0.0000000000120923718171312,0.0000000000295817801624129,0.0000000000297387114815465,0.0000000000315994251463541,0.0000000000215552823059893,105
15972-60-8,Alachlor,DTXSID1022265,0.000000000610054886263964,0.000000000371701411747959,0.00000000140471786872902,0.000000000323299645284281,0.0000000000726790156923291,0.00000000253683931828267,0.00000000197900824138741,0.00000000189827759994317,0.00000000187909052555281,1900
1746-01-6,"2,3,7,8-Tetrachlorodibenzo-p-dioxin",DTXSID2021315,0.000000000454401974420248,0.000000000460777559397731,0.000000000530712704275109,0.000000000278872987791655,0.000000000255858224612473,0.000000000535356030407787,0.000000000609957126858638,0.000000000600569477418738,0.000000000465860981404063,169478
1763-23-1,Perfluorooctanesulfonic acid,DTXSID3031864,0.00000000000535542050195445,0.00000000000115097159481045,0.000000000000614096799565567,0.000000000000177170286744728,0.0000000000000407050849328924,0.00000000000170441661329388,0.00000000000263339694319541,0.00000000000285737906645752,0.00000000000151487692145441,109
1897-45-6,Chlorothalonil,DTXSID0020319,0.0000139580538859655,0.00000105222995029748,0.00000172399534284393,0.0000019399219000606,0.000000860319877357879,0.0000037451127364187,0.00000568640702811158,0.0000059354697373949,0.00000419223273636234,3952
1918-16-7,Propachlor,DTXSID4024274,0.0000000000014881841671343,0.000000000000721357482627584,0.000000000000934829882442111,0.000000000000811404486488569,0.00000000000022244467457676,0.00000000000359827158043758,0.00000000000225522584540203,0.00000000000209548609281,0.00000000000278165534427271,1625
1929-82-4,Nitrapyrin,DTXSID0024216,0.000000063796990493987,0.0000000195690642577099,0.000000105153845200227,0.00000012814008023816,0.000000263247009932307,0.0000000262654872744522,0.0000000517271240354623,0.0000000535260061020477,0.000000054268539150802,2226
19666-30-9,Oxadiazon,DTXSID3024239,0.00000000000725989950257996,0.0000000000014097989761735,0.00000000000988483268127306,0.00000000000184665645968764,0.000000000000487332774177694,0.0000000000114969707476078,0.0000000000139197042372728,0.0000000000153816214208689,0.0000000000083011640027886,145
2312-35-8,Propargite,DTXSID4024276,0.0000000185806877271094,0.000000000320137868647079,0.00000000125621104774047,0.000000000791188852561711,0.00000000253696947971814,0.00000000172611437851549,0.00000000763434493452047,0.00000000801065139425133,0.00000000207385773196899,179
23950-58-5,Propyzamide,DTXSID2020420,0.00000000000109809510406287,0.000000000000301086060222769,0.00000000000030982684787518,0.000000000000751050726160809,0.00000000000270899310315353,0.00000000000427561858197286,0.00000000000280364400007942,0.00000000000269692511347494,0.00000000000289038055792188,894
26471-62-5,Toluene diisocyanate,DTXSID0024341,0.0011389049422052,0.000390380940695721,0.000976926987390159,0.000532458755834489,0.000428825959245137,0.000410209939583627,0.000647161695848557,0.000634225713927367,0.000607919446028286,175387
28407-37-6,C.I. Direct Blue 218,DTXSID2020187,0.00000000231738452250807,0.000000000322583053305999,0.000000000502767832608934,0.000000000469354247923087,0.000000000603482511071816,0.00000000134670788705659,0.00000000106012260561201,0.000000000980755904586313,0.00000000133036015066891,462
302-01-2,Hydrazine,DTXSID3020702,0.0000016871573974645,0.000000311720548906615,0.000000385599866503777,0.000000201102128146915,0.000000123133586037329,0.000000927563321450418,0.00000117438819201064,0.00000143976893077022,0.000000738786474099274,31389
309-00-2,Aldrin,DTXSID8020040,0.00000000743273732735408,0.000000000624749545834927,0.000000000705525417269214,0.000000000877321450493023,0.000000000444890493972066,0.00000000139792773432635,0.00000000283752637484189,0.00000000345474896650451,0.00000000166451721421131,7731
319-84-6,"alpha-1,2,3,4,5,6-Hexachlorocyclohexane",DTXSID2020684,0.00000000115483062901643,0.000000000210292711327799,0.000000000572673952718273,0.00000000027000857074825,0.000000000170506837547479,0.000000000430369332163972,0.000000000597774800253655,0.000000000627372761576004,0.000000000499809885377821,320
3296-90-0,Pentaerythritol dibromide,DTXSID9020164,0.000000655533136487042,0.0000000628087070152081,0.000000283557526188834,0.000000390927864146854,0.0000000317449470777529,0.000000255055722371042,0.000000388647188494243,0.000000454581527500901,0.000000289034161671372,6869
330-54-1,Diuron,DTXSID0020446,0.0000000389070083316795,0.0000000101660594750471,0.0000000478651729996738,0.0000000363105450669463,0.0000000365621505256796,0.0000000291687034246965,0.0000000334395088105032,0.0000000333785577523091,0.0000000347776883701975,16698
333-41-5,Diazinon,DTXSID9020407,0.0000000568807286708213,0.0000000017146257675717,0.0000000015600349082686,0.00000000142009216379889,0.000000000948214034483573,0.00000000531406331559759,0.0000000184761875655967,0.0000000228715532446616,0.00000000754026783732015,7793
335-67-1,Perfluorooctanoic acid,DTXSID8031865,0.00000000467100761635257,0.000000000703308157012475,0.00000000058448727144667,0.00000000121594147621698,0.000000000355080442557799,0.00000000112178929184897,0.00000000207761509152431,0.00000000251420142654526,0.00000000122899159051339,6043
4170-30-3,Crotonaldehyde,DTXSID8024864,0.000000132590309915163,0.000000118046772535101,0.00000120654715623587,0.0000000547887610200883,0.0000000785921768352663,0.000000119673365267642,0.000000491643424201706,0.000000721359494661515,0.00000025545019944995,2804
492-80-8,Auramine,DTXSID7043821,0.000000000287739010594314,0.0000000000710008250034337,0.000000000164873897408523,0.000000000053214936092013,0.0000000000321618849368101,0.000000000126391450347905,0.000000000141055786317872,0.000000000138781052408414,0.000000000147775813388356,1282
50-00-0,Formaldehyde,DTXSID7020637,0.0010674993464191,0.000872967774901424,0.000705433158254541,0.000473057828663131,0.000564969706973148,0.000901075276823584,0.0010110742799125,0.00103870754148685,0.000797443153097771,152881
51-79-6,Urethane,DTXSID9021427,0.0000000599093575538754,0.00000000223882121565199,0.0000000410166995601179,0.0000000053544742738813,0.00000000142311165195375,0.00000000687694027131595,0.000000027639903119568,0.0000000314679174292727,0.0000000164125925192117,9848
510-15-6,Chlorobenzilate,DTXSID9020299,0.00000000937961216145125,0.00000000182762229953729,0.00000000125389971998966,0.000000000920872752756749,0.000000000888917557014999,0.00000000270057036751503,0.00000000392346412801583,0.00000000402203244264207,0.0000000027876227330605,1582
542-75-6,"1,3-Dichloropropene",DTXSID1022057,0.00000274087258078145,0.00000049889897397092,0.00000356126390428198,0.000000630434867889296,0.000000875371313572597,0.00000107992250319521,0.00000243088052809617,0.00000210573716749737,0.00000142999126163656,4290
55-18-5,N-Nitrosodiethylamine,DTXSID2021028,0.00000000000106281787060793,0.000000000000293882489158325,0.000000000000299076059993248,0.000000000000719983311943105,0.00000000000269586316357439,0.00000000000414939723486583,0.0000000000027327777629272,0.00000000000263134009802535,0.00000000000279945270473752,894
556-52-5,Glycidol,DTXSID4020666,0.00000164620909080698,0.000000523243838478694,0.0000016032937141687,0.000000459114887580781,0.000000174052511362069,0.000000797050433163759,0.00000128500529105602,0.00000135750291011429,0.000000934180094681273,4603
56-23-5,Carbon tetrachloride,DTXSID8020250,0.0000685481274227595,0.0000100374461376334,0.0000243661297390974,0.0000163660936178042,0.0000186668192828637,0.0000279053756817148,0.00003431670630004,0.0000359478953536569,0.0000303560143719803,14606
56-38-2,Parathion,DTXSID7021100,0.000000000215011610578224,0.0000000000155138357099151,0.0000000000185624249855656,0.00000000000245358172549129,0.0000000000000809509471989686,0.0000000000291975396491241,0.0000000000652105541285712,0.0000000000780567307911205,0.0000000000409028443346556,1720
563-47-3,3-Chloro-2-methylpropene,DTXSID1020279,0.000000232322238619536,0.0000000875115606969364,0.0000000393670651141004,0.0000000765095817000539,0.0000000358265282467622,0.000000160033987537874,0.000000144510991654228,0.000000152081455991637,0.00000014136029842495,2587
57-14-7,"1,1-Dimethylhydrazine",DTXSID1020516,0.00000000112501199430119,0.000000000206046567069774,0.000000000558092859373148,0.000000000263040902588884,0.000000000168058476108562,0.000000000422564934975511,0.000000000583378305056713,0.000000000611874244678419,0.000000000489360215576066,1214
57-41-0,"5,5-Diphenylhydantoin",DTXSID8020541,0.0000000431765968409973,0.0000000199102103768725,0.00000001661601653853,0.0000000167530085744762,0.0000000140199463637966,0.0000000684829004928714,0.0000000569086605787884,0.0000000541678092974126,0.0000000507732700379347,515
57-74-9,Chlordane,DTXSID7020267,0.000000015763825497999,0.00000000222995614671321,0.00000000215281230025843,0.00000000205510608456226,0.00000000105500725255206,0.00000000383238886170043,0.00000000657051450869013,0.00000000750434917073631,0.00000000423628244896886,10470
58-89-9,Lindane,DTXSID2020686,0.00000000471749778715406,0.00000000162673309749826,0.00000000304356906123466,0.00000000116288275188045,0.000000000768224528519074,0.00000000236307083537524,0.00000000311599674629705,0.00000000309068786278943,0.00000000249538055252192,5737
584-84-9,"Toluene 2,4-diisocyanate",DTXSID7026156,0.0000104133759432204,0.000000908558721894439,0.00000114867054851278,0.00000144456715315831,0.00000203262719231516,0.00000247608321193644,0.00000350727377999306,0.00000365308651471029,0.00000297319016150832,33676
59-89-2,N-Nitrosomorpholine,DTXSID4021056,0.00000000100126674937656,0.000000000053524033842454,0.000000000165979437489236,0.000000000247178464990455,0.00000000129863559324811,0.00000000107258529482729,0.00000000141789668742715,0.00000000163979854694624,0.000000000606969312417092,171
59669-26-0,Thiodicarb,DTXSID0032578,0.00000112981620042726,0.0000000900682962127085,0.000000148230211243057,0.000000161830961873959,0.0000000733633549924229,0.000000313581453278417,0.000000468217434014979,0.000000484735339692705,0.000000349297412157258,1823
60-34-4,Methylhydrazine,DTXSID4020874,0.000000000546498850703998,0.000000000114373920130801,0.000000000280153385843657,0.000000000118156428686405,0.0000000000716185583400557,0.000000000203036091688284,0.000000000269459318172838,0.000000000278971180189836,0.000000000242414995878373,320
60-35-5,Acetamide,DTXSID7020005,0.000000107173599130068,0.00000000755548480094519,0.0000000182162801351782,0.0000000208967341233798,0.0000000170971542763985,0.0000000856828640499849,0.0000000828002101596069,0.0000000886162977018882,0.0000000668362534747177,838
606-20-2,"2,6-Dinitrotoluene",DTXSID5020528,0.0000000188328929016944,0.00000000968949408103404,0.00000000506321701036711,0.00000000830715682080569,0.0000000102916388742683,0.000000125975155493849,0.000000106177558783158,0.000000112446979896088,0.000000070653170658813,2661
61-82-5,Amitrole,DTXSID0020076,0.00000000166848186720684,0.000000000311895164294662,0.000000000812518602572226,0.000000000380792352555966,0.000000000254525401707027,0.000000000642272033297973,0.000000000874222961598164,0.000000000917160765065542,0.000000000730801025706595,1387
612-83-9,"3,3'-Dichlorobenzidine dihydrochloride",DTXSID1020433,0.00000000136857753472913,0.00000000227024805070509,0.000000000725402588734286,0.000000000283807739049931,0.000000000198571063161438,0.00000000264502702544168,0.00000000230393546567202,0.00000000183051979147957,0.00000000189634597574327,595
62-53-3,Aniline,DTXSID8020090,0.0000918320790706171,0.0000125930269602602,0.000022665965873334,0.000017593996514362,0.00000409362131136862,0.000032752666427224,0.0000341709002978784,0.0000303027195655291,0.0000379513975259623,18360
62-55-5,Thioacetamide,DTXSID9021340,0.0000000017635806973598,0.000000000338334530316061,0.000000000882250102988885,0.000000000403069966047458,0.000000000253058312639232,0.000000000652074293488798,0.00000000089603416999295,0.000000000937437107575,0.000000000766313855166451,1214
62-56-6,Thiourea,DTXSID9021348,0.000000562301329957848,0.00000023204460894575,0.000000235657434057027,0.00000079632323046055,0.00000119917250012978,0.000000675864459297781,0.000000623041879255299,0.000000716956193558799,0.000000584135525029524,7563
62-73-7,Dichlorvos,DTXSID5020449,0.00000014707224705337,0.000000117450096949492,0.00000000735247246093496,0.0000000113560175443589,0.00000000604775140528848,0.0000000707206171070156,0.0000000804537963792762,0.0000000819119255711863,0.0000000576991085017584,1742
621-64-7,N-Nitrosodi-n-propylamine,DTXSID6021032,0.0000000000478491368244432,0.0000000000595372119339129,0.000000000242397154374689,0.0000000000322558276979282,0.00000000000434321368114951,0.00000000029157826772366,0.000000000315318947714288,0.000000000294632399119449,0.000000000201820950551229,1167
62476-59-9,Acifluorfen sodium,DTXSID7023853,0.0000000275524543748146,0.00000000108507570566713,0.00000000185855542574207,0.000000000866612845468251,0.0000000016785472281729,0.00000000343050036643628,0.00000000953680733893811,0.0000000113269457447431,0.00000000445231374493337,180
63-25-2,"1-Naphthalenol, 1-(N-methylcarbamate)",DTXSID9020247,0.00000277350127640253,0.000000222962404246883,0.000000374861343114655,0.000000390719956545185,0.000000181145835111173,0.000000769875204834832,0.00000115532519008736,0.00000119025935448951,0.000000859048542884205,8159
630-20-6,"1,1,1,2-Tetrachloroethane",DTXSID2021317,0.00000413814655631328,0.000000795934668513081,0.00000118443646210954,0.0000013999189552975,0.00000128623319683376,0.00000409021253122173,0.00000393742760266332,0.0000043545662640324,0.00000309485076513956,6957
636-21-5,2-Methylaniline hydrochloride,DTXSID7021364,0.000000000000533765044627516,0.000000000000186689351621269,0.000000000000139725475391572,0.000000000000268246102054763,0.00000000000245687328393532,0.00000000000220558658319152,0.00000000000164295628557447,0.00000000000162506691361294,0.00000000000140508422007173,894
64-67-5,Diethyl sulfate,DTXSID1024045,0.000000627230365148122,0.000000307629222811144,0.000000272022355121335,0.0000000968240174326762,0.00000034139676566175,0.00000139549031600374,0.00000129979595468097,0.0000012694573361339,0.00000085543165586868,7342
67-66-3,Chloroform,DTXSID1020306,0.000131597673621457,0.0000151889736137184,0.000039169688372392,0.0000285707199694814,0.0000141331183034075,0.0000610206536365606,0.0000701428320742272,0.0000730427608855515,0.0000600145420464892,47484
67-72-1,Hexachloroethane,DTXSID7020689,0.0000024376419129503,0.000000152502066667882,0.00000076056018941946,0.000000251283415401577,0.000000166378926497662,0.000000697653183888989,0.00000117162326816018,0.00000108544757203809,0.000000785817843617689,7109
68-12-2,"N,N-Dimethylformamide",DTXSID6020515,0.000165442325838105,0.0000573940669134091,0.000170141869656109,0.000217665600812698,0.0000982884848461936,0.000132159013045938,0.000141946082327853,0.00014560944808719,0.000151159828843378,96579
684-93-5,N-Nitroso-N-methylurea,DTXSID4021006,0.0000000000012081187059391,0.000000000000323548649589933,0.0000000000003434328198661,0.00000000000084815536747669,0.0000000000027498268772226,0.00000000000466737400714976,0.00000000000302378344119928,0.00000000000290069493942231,0.00000000000317273489958668,894
71-43-2,Benzene,DTXSID3039242,0.00279835080096035,0.000887441673509209,0.00283623100150025,0.00141536418213622,0.00210750097248049,0.00131885650160967,0.0022011714952483,0.00234939017179386,0.00163264478444708,166754
71-55-6,"1,1,1-Trichloroethane",DTXSID0021381,0.0000236311083857921,0.00000466546877040327,0.00000542761957461248,0.0000060146242529271,0.00000088613625271158,0.0000237817777960567,0.0000215866934618819,0.0000235088785418044,0.0000177369361818072,9388
72-57-1,C.I. Direct Blue 14,DTXSID4026268,0.0000000018428702440629,0.000000000356175179974038,0.000000000999667387382744,0.000000000434926047326888,0.000000000283023401776477,0.000000000698629260047177,0.000000000972792750189527,0.00000000101778044359555,0.000000000823419686955956,4026
74-88-4,Methyl iodide,DTXSID0024187,0.00000828137772050293,0.00000232665147624313,0.0000109164656971773,0.00000346470365872527,0.00000192603576908442,0.0000172782544046569,0.0000185280007494224,0.0000199893062922926,0.0000118989848162877,5883
7439-92-1,Lead,DTXSID2024161,0.000270576983201223,0.00015847171181783,0.0001779836920954,0.000147947036492381,0.000317738408380454,0.000204045756069696,0.000216715448427898,0.000216390587275999,0.000199935323118601,233430
7440-02-0,Nickel,DTXSID2020925,0.00045112622414719,0.000389892940463802,0.000479188635513626,0.000629390998348143,0.000787728348643801,0.00056528988330346,0.000537210222071751,0.000579148596518934,0.000544602571462309,212490
7440-38-2,Arsenic,DTXSID4023886,0.00000134008132620044,0.0000160400843283671,0.00000601773002787809,0.00000147263329576603,0.0000135448421155301,0.0000032156381731689,0.0000035848012611916,0.00000358945941047985,0.00000346663414122581,67283
7440-41-7,Beryllium,DTXSID4023913,0.00000005942414386135,0.0000000341060796575644,0.0000000313607314232754,0.0000000342704688067528,0.0000000225172891365836,0.000000116048524460864,0.0000000908491360190851,0.0000000904636404319433,0.0000000848399466608004,19789
7440-43-9,Cadmium,DTXSID1023940,0.00000176010796278396,0.000001105305369817,0.0000012397769767237,0.000000465010484070739,0.000000820517427345993,0.00000113649772206792,0.00000143014293088301,0.0000015784738505033,0.00000109299123292739,45830
7440-48-4,Cobalt,DTXSID1031040,0.0000321278007691601,0.0000126318674878931,0.0000386566070905904,0.0000197423454995851,0.000018193022051795,0.0000203279493809358,0.0000283251156947472,0.0000288961544049219,0.000023871086862332,141034
75-00-3,Chloroethane,DTXSID1020302,0.000622349504366569,0.0000393325733732329,0.000113837072513861,0.0000779819651217587,0.0000489197813311781,0.000147194327855968,0.000297463467593133,0.000314176264533922,0.000155808354881423,14253
75-01-4,Vinyl chloride,DTXSID8021434,0.000521543136559563,0.0000424060657544893,0.000273623916395109,0.0000902660716039327,0.0000386388456385917,0.000135625603767428,0.000267903817509157,0.000292793267071092,0.000180054191505937,11604
75-02-5,Vinyl fluoride,DTXSID3021435,0.000292974233815461,0.000312755835320156,0.0000455556585339166,0.0000498236984772456,0.000041359998250345,0.000106526685085308,0.000160419696048339,0.000185283206688094,0.0000985277329176141,3050
75-07-0,Acetaldehyde,DTXSID5039224,0.00302162346473774,0.000755742574923976,0.00224289788484387,0.00124427668985916,0.000723209029744608,0.00200661429183957,0.0025446983847951,0.00264006693802336,0.00193697766162907,94526
75-09-2,Dichloromethane,DTXSID0020868,0.00262680073695887,0.000559552193010745,0.00109199722745411,0.00141993858246084,0.000981447216140474,0.00153557228810656,0.0016651852162155,0.00175652748654004,0.00153149839659884,114811
75-21-8,Ethylene oxide,DTXSID0020600,0.000245291306422267,0.0000725922098754731,0.000175598848970196,0.000100489212985609,0.0000786714081820556,0.000106247550095551,0.000153145436321237,0.000156581744612234,0.000128639344175475,89931
75-25-2,Bromoform,DTXSID1021374,0.00000132997438646852,0.000000625633845027559,0.000000464509343439151,0.00000034299531243834,0.00000106925224294422,0.00000461393685736609,0.00000371521501472195,0.00000400865350118417,0.00000285923995282464,271
75-27-4,Bromodichloromethane,DTXSID1020198,0.000000299074805566504,0.000000140660433524651,0.000000104454002742299,0.0000000771113882854497,0.000000240403845886734,0.00000103753590542265,0.000000835488257842509,0.000000901507508054307,0.000000642939345488962,271
75-34-3,"1,1-Dichloroethane",DTXSID1020437,0.00000896077350524021,0.00000149962933871932,0.00000223861379850231,0.00000203508348883321,0.000000265811770693689,0.00000709233219489188,0.00000692456783568345,0.00000760966045453777,0.00000562314127478447,5348
75-35-4,"1,1-Dichloroethylene",DTXSID8021438,0.00000538277277928686,0.0000007615162664128,0.00000160666874253916,0.00000116124204577543,0.00000063080447053065,0.00000469184096221128,0.00000464671857290739,0.00000492361746211065,0.00000362255863335476,7505
75-52-5,Nitromethane,DTXSID2020977,0.0000225425363740508,0.00000403086555400964,0.00000172136551608159,0.00000227900626813006,0.000000956195938036404,0.0000131493159600087,0.0000147867812376035,0.0000182785243961067,0.00000979105833160221,822
75-55-8,Propyleneimine,DTXSID8024286,0.000000764798459455434,0.000000342160896359092,0.00000191739199625243,0.00000068840738062865,0.000000142898165811574,0.000000761904663545247,0.000000922504357930535,0.00000088813920497123,0.000000986794849623965,2602
75-56-9,"1,2-Propylene oxide",DTXSID5021207,0.000332549890543851,0.0000974849436112583,0.000385910590790734,0.000148892156338775,0.000146410222166372,0.000176780201650089,0.000276689573451962,0.000285338792873754,0.000216300670786974,49268
759-73-9,1-Ethyl-1-nitrosourea,DTXSID8020593,0.00000000000117337977010651,0.000000000000316428333121975,0.000000000000332817413896066,0.000000000000817490776728943,0.00000000000273708146577131,0.00000000000454401498357655,0.00000000000295436927716799,0.00000000000283641389016469,0.00000000000308382338232341,894
76-44-8,Heptachlor,DTXSID3020679,0.00000000076703891686224,0.000000000200842255546763,0.000000000434056173491965,0.000000000120498517079875,0.0000000000772694200599273,0.000000000272537768675991,0.000000000469738909107321,0.000000000500904924467832,0.000000000308636738534263,10225
764-41-0,"1,4-Dichloro-2-butene",DTXSID9027310,0.00000598993130172029,0.000000415284189292054,0.00000039317106300318,0.00000011826270325611,0.0000000910443297669763,0.000000444329823112568,0.00000146344213068684,0.00000146779994688245,0.00000095569762065306,2035
7664-93-9,Sulfuric acid,DTXSID5029683,0.00500598710836048,0.00190004251729439,0.0047602341377267,0.00435400784953719,0.00708651636380003,0.00369220790439505,0.00424905504150807,0.0043828582399697,0.00404308476485547,162063
77-09-8,Phenolphthalein,DTXSID0021125,0.0000000303090607430373,0.0000000254150369926835,0.0000000188480904143518,0.0000000281579722977222,0.00000000202292438915808,0.0000000256976421627397,0.0000000200045640053428,0.0000000207515603142595,0.0000000276589538662273,2593
77-78-1,Dimethyl sulfate,DTXSID5024055,0.000000778604113376919,0.000000130955322255881,0.000000411918839452148,0.000000786843086754013,0.00000014041932743327,0.000000592160919891175,0.000000647137082799817,0.000000561040666105028,0.000000560089274441064,11978
7758-01-2,Potassium bromate,DTXSID6020195,0.0000000248463187003694,0.00000000337395421285976,0.0000000255846508419809,0.0000000747551577909977,0.0000000029635709891547,0.00000001742862936383,0.0000000160847868411817,0.0000000171800469935742,0.0000000259956138941074,7767
78-48-8,Tribufos,DTXSID1024174,0.00000000189355000156034,0.00000000176941598933573,0.0000000000827971275678232,0.000000000138027363951419,0.0000000000717374767122361,0.00000000092867954241617,0.00000000105208592145961,0.00000000108876958942111,0.000000000749393851797795,388
78-79-5,Isoprene,DTXSID2020761,0.0000961715340107902,0.0000115310507573204,0.000088062197676807,0.0000259629559941018,0.0000122897415790018,0.0000265057175158603,0.0000571206942957576,0.0000608585636944411,0.0000422629663080544,29514
78-87-5,"1,2-Dichloropropane",DTXSID0020448,0.00000832015892798562,0.00000100920725759355,0.00000740108739538456,0.000000581895207560584,0.00000174426647288051,0.00000289384188369447,0.00000631841385357778,0.00000503386536632367,0.00000343473164438159,4250
79-00-5,"1,1,2-Trichloroethane",DTXSID5021380,0.0000162616446959553,0.00000207622901737642,0.0000055698753466636,0.00000335920798496323,0.00000197550497015914,0.00000929658219512587,0.0000107581716071347,0.000011525242677547,0.00000829142566561883,8437
79-01-6,Trichloroethylene,DTXSID0021383,0.00155612092189693,0.000318751156225377,0.00087294837919389,0.000825218356987899,0.000228042366205447,0.00138875018726997,0.00147815582498641,0.00151893636463221,0.00119129715319242,62773
79-06-1,Acrylamide,DTXSID5020027,0.000108018243645856,0.0000172735823334776,0.0000247024020576011,0.0000454012010335351,0.0000197781721207948,0.0000218876403081746,0.0000447488559387823,0.0000487058534500492,0.0000310582733109086,30080
79-34-5,"1,1,2,2-Tetrachloroethane",DTXSID7021318,0.00000150959133340006,0.000000206010084090471,0.000000749481254078332,0.000000298727570017181,0.000000107634265738507,0.000000814806967999503,0.00000101268731361543,0.00000103028480230513,0.000000782164732000211,7001
79-44-7,Dimethylcarbamoyl chloride,DTXSID1020512,0.00000000142000426767816,0.000000000269405270431876,0.000000000707499931887822,0.000000000328534486109045,0.00000000021637379009137,0.000000000542687906958015,0.000000000734840535553369,0.000000000768420712329978,0.000000000626573472496952,1282
79-46-9,2-Nitropropane,DTXSID6020981,0.0000092976414242258,0.000000552066249857792,0.000000877465733335301,0.00000125343681952419,0.000000352921388001713,0.00000664819566210409,0.0000068717035071048,0.00000860927422593869,0.00000481921653626954,1419
79-94-7,"3,3',5,5'-Tetrabromobisphenol A",DTXSID1026081,0.00000591514196746688,0.00000110823959786041,0.00000994206530401832,0.0000114300884846718,0.00000607834250102236,0.00000358641005829743,0.00000581669889295243,0.00000601403395877217,0.00000540620201291695,32716
8001-35-2,Toxaphene,DTXSID7021368,0.0000000026911545272582,0.000000000872938929178833,0.00000000168880183597701,0.000000000609487924143862,0.000000000403199730001371,0.00000000125807209016507,0.00000000173511487802034,0.00000000174854930918083,0.0000000013487380236035,7606
8001-58-9,Creosote,DTXSID2023987,0.000163937241123548,0.0000194217105689883,0.0000196334628405066,0.0000111148983838194,0.00000812955132116747,0.0000477482476836104,0.0000801775132436244,0.0000858099324723494,0.0000439566398698721,17841
81-88-9,Rhodamine B,DTXSID6042369,0.00000000842194086844946,0.00000000131019313343803,0.0000000687774790049715,0.0000000034591264273817,0.00000000179206164924202,0.00000000279861631918636,0.0000000302500796662956,0.0000000296732347102043,0.0000000102288364581682,3254
86-30-6,N-Nitrosodiphenylamine,DTXSID6021030,0.00000000965191443235857,0.000000000783178876698589,0.000000000670770764781837,0.000000000218253748407732,0.000000000184719076098727,0.000000000794365459591614,0.00000000242434345665174,0.00000000243370671585933,0.0000000015951839060743,1158
87-62-7,"2,6-Dimethylaniline",DTXSID8026307,0.00000000121224707698387,0.000000000657841605148372,0.000000000646973598646318,0.00000000285240114599234,0.000000000340360228007287,0.000000006842141449973,0.00000000351687252921952,0.00000000267509480349515,0.00000000497296978025396,372
87-68-3,"Hexachloro-1,3-butadiene",DTXSID7020683,0.00000184732580245729,0.000000157078625814875,0.000000214938402914884,0.000000248005916089997,0.0000000762437515852775,0.000000667029506615214,0.000000681234097558396,0.000000758919357682225,0.000000700622769773415,5357
87-86-5,Pentachlorophenol,DTXSID7021106,0.0000000453202374862129,0.0000000594117046768343,0.0000000355289679926831,0.0000000679331851938022,0.0000000618809801364866,0.0000000670076161680666,0.0000000587282022748898,0.0000000515543944459443,0.0000000589283935066063,11085
88-06-2,"2,4,6-Trichlorophenol",DTXSID5021386,0.000000654713033908704,0.000000219924014500535,0.000000439833361648335,0.000000264910201783358,0.000000127977807313119,0.000000415169657964549,0.000000468771843941062,0.000000462399048915297,0.000000421371544973489,5790
90-04-0,2-Anisidine,DTXSID5023877,0.000000480145790282656,0.00000179496855704621,0.00000031513215152061,0.0000000618553393781325,0.0000000599497793472125,0.00000149371001924351,0.00000131878907359438,0.000000900113455484034,0.00000105621315561926,595
90-43-7,2-Phenylphenol,DTXSID2021151,0.000000081791204445352,0.000000017567332708493,0.000000125001611693452,0.0000000849629817402813,0.0000000144976395186228,0.0000000358903486923095,0.000000075592933175688,0.000000060947250751608,0.0000000556946470901591,5395
91-08-7,"Toluene-2,6-diisocyanate",DTXSID2026157,0.00000282732311683123,0.000000193545133759459,0.000000489615491289108,0.000000445963082083172,0.00000052335889267029,0.00000069563704951115,0.000000956441751317289,0.000000987397155270549,0.000000876280186883461,19538
91-20-3,Naphthalene,DTXSID8020913,0.00107611238587469,0.000356230693660459,0.00141638699850927,0.000737906774210819,0.000644968428684946,0.000491706573881158,0.000890041680919377,0.000914325518198994,0.00069713445013782,180250
91-22-5,Quinoline,DTXSID1021798,0.00000193621643103295,0.000000162028373628789,0.0000028253847302872,0.00000108043763025503,0.000000107345887326002,0.000000643676953410919,0.00000150881409118027,0.00000156713616477048,0.00000112139971323577,8540
91-94-1,"3,3'-Dichlorobenzidine",DTXSID6020432,0.00000000106552608455024,0.000000000212754335629797,0.000000000538163518283818,0.000000000237738092415787,0.000000000146249434522697,0.00000000039169466628193,0.000000000532637756536251,0.000000000555189585412453,0.000000000465086526071106,320
92-67-1,4-Biphenylamine,DTXSID5020071,0.0000000908803338036268,0.0000000106603404558596,0.00000000976890151781882,0.00000000150398852519563,0.00000000264335350674281,0.00000000760134879865584,0.000000023505720553874,0.0000000200702937261003,0.0000000156780514017117,917
92-87-5,C.I. Azoic Diazo Component 112,DTXSID2020137,0.000000000374239129260089,0.0000000000888496232189263,0.000000000206847846876969,0.0000000000723094421150101,0.0000000000415367541656205,0.000000000153146767385613,0.000000000180982027994468,0.000000000181082556539424,0.000000000182086893570754,320
924-16-3,N-Nitrosodibutylamine,DTXSID2021026,0.000000000000989800698452725,0.000000000000279045433226778,0.000000000000276838697443608,0.000000000000655791826625717,0.00000000000266656437858042,0.00000000000388694966433304,0.00000000000258568366010685,0.00000000000249529745652056,0.00000000000261042424995017,894
924-42-5,N-Methylolacrylamide,DTXSID3020885,0.00000203760367548096,0.000000393870565359182,0.00000181667466807648,0.00000162073185495375,0.000000370670023538697,0.00000259916167636394,0.00000385901685266774,0.00000520490145151055,0.00000167610224603341,15619
94-58-6,"1,2-(Methylenedioxy)-4-propylbenzene",DTXSID7020475,0.000000000000829039274124342,0.000000000000246515222933319,0.000000000000228054164161669,0.000000000000515571933764201,0.00000000000260058540746241,0.00000000000330329502311869,0.00000000000225900469190873,0.00000000000219339560801345,0.00000000000219057320045746,894
94-59-7,Safrole,DTXSID0021254,0.000000000000714193298589693,0.000000000000223315367071751,0.000000000000193433585131103,0.000000000000417086226333503,0.00000000000254987970692409,0.00000000000288077998434136,0.00000000000202264237634845,0.00000000000197526525498319,0.00000000000188730797541356,894
94-75-7,"2,4-Dichlorophenoxyacetic acid",DTXSID0020442,0.000000589826090097453,0.0000000891826205161218,0.000000138153772358773,0.000000128994615302617,0.0000000486749140983637,0.000000363226148746101,0.000000420046384617347,0.000000469240084316963,0.000000293630728707878,17369
95-53-4,2-Methylaniline,DTXSID1026164,0.00000517842890503667,0.00000302974294450395,0.0000138171118969305,0.00000212920058696806,0.00000168171606044161,0.00000288324996009554,0.00000752870743521976,0.00000770366051165547,0.00000428663935896965,5818
95-54-5,"1,2-Phenylenediamine",DTXSID3025881,0.000000258718989696542,0.0000000291952706406056,0.000000027379851818648,0.00000000518555504752691,0.00000000687165887962008,0.0000000239773351566069,0.0000000691138795862307,0.0000000599729031199662,0.0000000459420267827011,3678
95-80-7,"2,4-Diaminotoluene",DTXSID4020402,0.0000000362768727494388,0.0000000024066708232612,0.0000000166468385336657,0.00000000267217140170742,0.00000000215969688995853,0.0000000144944652949837,0.0000000211368202511926,0.0000000242994906154483,0.0000000147288743168712,1968
96-12-8,"1,2-Dibromo-3-chloropropane",DTXSID3020413,0.0000000000065658171747464,0.00000000000100314557085199,0.000000000000824765757720359,0.00000000000103145544252691,0.00000000000278312231903569,0.00000000000606294364119763,0.00000000000538109496823814,0.0000000000055781994850309,0.00000000000449428030572651,989
96-18-4,"1,2,3-Trichloropropane",DTXSID9021390,0.00000280079616479235,0.000000381187513298243,0.0000063957247418139,0.000000121421717901285,0.000000473708232342527,0.000000867128109772349,0.00000334592130275396,0.00000209451573387877,0.00000156962139944661,3388
96-33-3,Methyl acrylate,DTXSID0024183,0.0000356349007163643,0.0000147108817749344,0.0000249096226780202,0.000014337977233114,0.00000383790208494817,0.0000159228718783883,0.00002289934555545,0.0000250295036385342,0.0000188748178581669,44731
96-45-7,Ethylene thiourea,DTXSID5020601,0.000000152032316205702,0.0000000647405268089531,0.0000000915550508862529,0.000000058615823000454,0.0000000875775223563645,0.000000302626788675459,0.00000028928954900378,0.000000373471271503466,0.000000207028229360777,4208
98-07-7,Benzotrichloride,DTXSID1020148,0.00000000000722673158949821,0.00000000000523955213073692,0.00000000000111916487836208,0.00000000000239723276593962,0.0000000000099058617763698,0.0000000000241369019231531,0.0000000000236483653584429,0.0000000000245851096193932,0.0000000000138012063741331,894
98-82-8,Cumene,DTXSID1021827,0.00106819116579747,0.000186684712209697,0.00113402812362607,0.000671916591027247,0.000300667391971048,0.000501103208440435,0.00087782668325646,0.000966603403636559,0.000628344512365966,153078
98-95-3,Nitrobenzene,DTXSID3020964,0.000041393271520819,0.00000438734168410988,0.000014410975556247,0.000015561179876663,0.00000519810070626887,0.0000225645628329597,0.0000187636806225247,0.0000173966810683972,0.000024209237189827,9189
